,Sex,Length,Width,Height,Weight,Non_Shell Weight,Intestine Weight,Shell Weight
0,F,0.5504762403865339,0.43262335548786673,0.15384087949418654,0.7792549248923488,0.31794814470808797,0.15626416155246914,0.24296135373991806
1,F,0.5515482399018177,0.43328378236189796,0.15417116307510886,0.7833019107953062,0.3195929728243799,0.15710020898112234,0.2442013675926155
2,F,0.5510379487426654,0.43295898674389915,0.1539746803583514,0.7811797117626698,0.31872161104168345,0.1566703400259557,0.24355641774499584
3,F,0.5494042408712501,0.4319629286138355,0.15351059591326421,0.7752079389893914,0.316303316591796,0.15542811412381596,0.24172133988722067
4,F,0.5499659492273816,0.4322985598698679,0.15364439677742908,0.7771327258597124,0.3170767829253915,0.15583429259730253,0.24231640389229842
5,F,0.5505276575835132,0.43263419112590035,0.15377819764159395,0.7790575127300332,0.31785024925898697,0.15624047107078906,0.2429114678973762
6,F,0.5521099482579492,0.4336194136179304,0.15430496393927373,0.785226697665627,0.32036643915797536,0.15750638745460888,0.24479643159769326
7,F,0.5515996570987971,0.4332946179999316,0.15410848122251627,0.7831044986329906,0.31949507737527894,0.15707651849944226,0.24415148175007362
8,F,0.5526202394171015,0.43394420923592925,0.15450144665603122,0.7873488966982636,0.3212378009406718,0.15793625640977554,0.2454413814453129
9,F,0.5488939497120978,0.43163813299583664,0.15331411319650676,0.773085739956755,0.3154319548090996,0.15499824516864932,0.241076390039601
10,F,0.5494556580682294,0.43197376425186906,0.15344791406067163,0.7750105268270758,0.31620542114269506,0.15540442364213586,0.24167145404467877
11,F,0.5483322413559661,0.4313025017398043,0.1531803123323419,0.7711609530864341,0.3146584884755041,0.1545920666951628,0.24048132603452324
12,F,0.5510893659396449,0.43296982238193277,0.15391199850575882,0.7809822996003541,0.31862371559258246,0.1566466495442756,0.24350653190245397
13,F,0.550017366424361,0.4323093955079015,0.1535817149248365,0.7769353136973968,0.31697888747629055,0.15581060211562242,0.24226651804975655
14,F,0.5526716566140809,0.4339550448739628,0.1544387648034386,0.787151484535948,0.32113990549157084,0.15791256592809544,0.24539149560277101
15,F,0.553181947773233,0.43427984049196167,0.15463524752019608,0.7892736835685845,0.32201126727426727,0.15834243488326208,0.24603644545039066
16,F,0.5521613654549287,0.433630249255964,0.15424228208668114,0.7850292855033115,0.32026854370887436,0.1574826969729288,0.24474654575515137
17,F,0.5505790747804926,0.4326450267639339,0.15371551578900133,0.7788601005677177,0.31775235380988603,0.15621678058910896,0.2428615820548343
18,F,0.5516510742957764,0.4333054536379652,0.15404579936992369,0.7829070864706751,0.31939718192617794,0.15705282801776216,0.24410159590753172
19,F,0.5536922389323853,0.4346046361099605,0.15483173023695354,0.791395882601221,0.32288262905696374,0.15877230383842872,0.2466813952980103
20,F,0.5483836585529456,0.43131333737783784,0.15311763047974927,0.7709635409241185,0.3145605930264031,0.15456837621348268,0.24043144019198134
21,F,0.5472602418406823,0.430642074865773,0.15285002875141956,0.7671139671834767,0.31301366035921213,0.15375601926650959,0.23924131218182582
22,F,0.5489453669090772,0.43164896863387026,0.15325143134391414,0.7728883277944394,0.3153340593599986,0.15497455468696922,0.24102650419705912
23,F,0.547821950196814,0.4309777061218054,0.15298382961558443,0.7690387540537975,0.3137871266928076,0.15416219773999612,0.2398363761869036
24,F,0.5532333649702125,0.4342906761299952,0.15457256566760347,0.7890762714062689,0.32191337182516633,0.15831874440158197,0.2459865596078488
25,F,0.5495070752652088,0.4319845998899027,0.153385232208079,0.7748131146647603,0.31610752569359407,0.15538073316045578,0.24162156820213687
26,F,0.5537436561293647,0.43461547174799403,0.15476904838436095,0.7911984704389053,0.32278473360786275,0.1587486133567486,0.24663150945546844
27,F,0.5527230738110602,0.4339658805119964,0.154376082950846,0.7869540723736325,0.3210420100424699,0.15788887544641533,0.24534160976022915
28,F,0.5511407831366242,0.4329806580199663,0.1538493166531662,0.7807848874380385,0.3185258201434815,0.15662295906259552,0.24345664605991207
29,F,0.5542539472885168,0.4349402673659929,0.1549655311011184,0.7933206694715418,0.3236560953905592,0.15917848231191525,0.2472764593030881
30,F,0.5500687836213404,0.4323202311459351,0.15351903307224388,0.7767379015350813,0.31688099202718956,0.15578691163394232,0.24221663220721465
31,F,0.5522127826519081,0.4336410848939976,0.15417960023408855,0.784831873340996,0.3201706482597734,0.1574590064912487,0.2446966599126095
32,F,0.5654328164035279,0.44185849608627054,0.15852753147969179,0.8361101396960676,0.3410736337852759,0.1679925160352939,0.2603714335202238
33,F,0.5547642384476691,0.4352650629839917,0.15516201381787587,0.7954428685041783,0.32452745717325565,0.1596083512670819,0.24792140915070773
34,F,0.5461882423253985,0.42998164799174177,0.1525197451704972,0.7630669812805193,0.3113688322429202,0.1529199718378564,0.2380012983291284
35,F,0.5665048159188117,0.44251892296030176,0.1588578150606141,0.840157125599025,0.34271846190156785,0.16882856346394706,0.2616114473729212
36,F,0.553795073326344,0.43462630738602764,0.15470636653176834,0.7910010582765898,0.3226868381587618,0.15872492287506854,0.24658162361292654
37,F,0.5543053644854963,0.43495110300402645,0.1549028492485258,0.7931232573092263,0.32355819994145824,0.15915479183023518,0.24722657346054622
38,F,0.5517024914927559,0.43331628927599875,0.15398311751733107,0.7827096743083595,0.319299286477077,0.15702913753608205,0.24405171006498982
39,F,0.550630491977472,0.4326558624019675,0.15365283393640874,0.7786626884054021,0.31765445836078504,0.15619309010742888,0.24281169621229243
40,F,0.5548156556446485,0.4352758986220253,0.15509933196528328,0.7952454563418627,0.3244295617241547,0.15958466078540182,0.24787152330816584
41,F,0.5532847821671919,0.43430151176802884,0.15450988381501088,0.7888788592439534,0.32181547637606533,0.1582950539199019,0.2459366737653069
42,F,0.548435075749925,0.43132417301587145,0.15305494862715668,0.770766128761803,0.31446269757730216,0.15454468573180258,0.24038155434943947
43,F,0.5478733673937933,0.43098854175983903,0.15292114776299182,0.768841341891482,0.3136892312437067,0.15413850725831604,0.2397864903443617
44,F,0.5489967841060566,0.43165980427190387,0.15318874949132155,0.7726909156321238,0.31523616391089765,0.15495086420528914,0.24097661835451722
45,F,0.5553259468038008,0.4356006942400241,0.15529581468204073,0.7973676553744993,0.32530092350685114,0.16001452974056846,0.2485164731557855
46,M,0.5078688690026452,0.4053947017661334,0.13702292202359645,0.6000031453393078,0.2442642777160817,0.12003671691007085,0.1885361373271581
47,F,0.5527744910080397,0.43397671615003,0.15431340109825342,0.7867566602113168,0.3209441145933689,0.15786518496473526,0.24529172391768725
48,F,0.5473116590376618,0.4306529105038066,0.15278734689882695,0.7669165550211611,0.3129157649101112,0.1537323287848295,0.23919142633928395
49,F,0.5467499506815302,0.4303172792477742,0.15265354603466208,0.7649917681508402,0.3121422985765157,0.15332615031134295,0.23859636233420617
50,F,0.5643608168882441,0.4411980692122393,0.15819724789876946,0.8320631537931102,0.339428805668984,0.16715646860664068,0.25913141966752634
51,F,0.5495584924621882,0.4319954355279363,0.15332255035548642,0.7746157025024447,0.31600963024449313,0.15535704267877568,0.241571682359595
52,F,0.5558362379629529,0.43592548985802293,0.1554922973987982,0.7994898544071357,0.32617228528954756,0.1604443986957351,0.24916142300340516
53,F,0.5511922003336036,0.43299149365799994,0.1537866348005736,0.780587475275723,0.3184279246943805,0.1565992685809154,0.24340676021737018
54,F,0.554867072841628,0.43528673426005887,0.15503665011269066,0.7950480441795472,0.3243316662750537,0.1595609703037217,0.24782163746562397
55,F,0.5553773640007801,0.43561152987805773,0.15523313282944814,0.7971702432121837,0.32520302805775014,0.15999083925888835,0.24846658731324361
56,F,0.5543567816824757,0.43496193864206006,0.1548401673959332,0.7929258451469108,0.3234603044923573,0.15913110134855507,0.24717668761800432
57,F,0.5522641998488874,0.43365192053203117,0.15411691838149594,0.7846344611786804,0.3200727528106725,0.15743531600956862,0.2446467740700676
58,F,0.5558876551599323,0.43593632549605654,0.1554296155462056,0.7992924422448201,0.3260743898404466,0.160420708214055,0.24911153716086326
59,F,0.5538464905233235,0.43463714302406126,0.15464368467917575,0.7908036461142742,0.3225889427096609,0.15870123239338843,0.24653173777038467
60,M,0.5153728656096319,0.4100176898843521,0.13933490709005275,0.6283320466600094,0.2557780745301252,0.12588904891064318,0.19721623429604002
61,F,0.5501202008183198,0.4323310667839687,0.1534563512196513,0.7765404893727657,0.3167830965780886,0.15576322115226224,0.24216674636467278
62,F,0.5451162428101147,0.42932122111771054,0.1521894615895749,0.7590199953775619,0.3097240041266283,0.1520839244092032,0.236761284476431
63,F,0.5563979463190846,0.43626112111405535,0.15562609826296306,0.8014146412774565,0.3269457516231431,0.16085057716922163,0.2497564870084829
64,M,0.514300866094348,0.4093572630103209,0.13900462350913043,0.624285060757052,0.2541332464138333,0.12505300148198997,0.1959762204433426
65,F,0.5569082374782367,0.4365859167320542,0.15582258097972054,0.8035368403100931,0.3278171134058395,0.16128044612438827,0.25040143685610255
66,F,0.5533361993641712,0.4343123474060624,0.15444720196241826,0.7886814470816378,0.3217175809269644,0.1582713634382218,0.24588678792276503
67,M,0.5164448651249157,0.41067811675838334,0.13966519067097508,0.6323790325629668,0.25742290264641715,0.12672509633929635,0.19845624814873744
68,F,0.5479247845907728,0.43099937739787264,0.15285846591039923,0.7686439297291665,0.3135913357946057,0.15411481677663594,0.23973660450181983
69,F,0.5517539086897353,0.43332712491403236,0.15392043566473848,0.782512262146044,0.319201391027976,0.15700544705440195,0.24400182422244795
70,F,0.5484864929469044,0.431335008653905,0.1529922667745641,0.7705687165994873,0.31436480212820117,0.1545209952501225,0.24033166850689758
71,F,0.5559390723569118,0.43594716113409016,0.15536693369361299,0.7990950300825046,0.3259764943913457,0.1603970177323749,0.24906165131832136
72,F,0.5506819091744514,0.43266669804000113,0.15359015208381616,0.7784652762430866,0.3175565629116841,0.15616939962574877,0.24276181036975053
73,M,0.5159345739657635,0.41035332114038453,0.13946870795421762,0.6302568335303302,0.2565515408637207,0.1262952273841297,0.19781129830111777
74,M,0.508940868517929,0.4060551286401647,0.13735320560451877,0.6040501312422651,0.24590910583237363,0.12087276433872404,0.18977615117985552
75,F,0.5554287811977595,0.4356223655160913,0.15517045097685553,0.796972831049868,0.3251051326086492,0.15996714877720827,0.24841670147070175
76,F,0.5564493635160639,0.43627195675208896,0.15556341641037047,0.801217229115141,0.3268478561740421,0.16082688668754155,0.24970660116594104
77,F,0.5473630762346412,0.4306637461418402,0.15272466504623436,0.7667191428588456,0.3128178694610102,0.1537086383031494,0.23914154049674205
78,F,0.5569596546752161,0.43659675237008777,0.15575989912712793,0.8033394281477775,0.32771921795673853,0.1612567556427082,0.25035155101356066
79,F,0.5549184900386073,0.4352975698980925,0.15497396826009807,0.7948506320172316,0.3242337708259528,0.15953727982204163,0.24777175162308207
80,F,0.549048201303036,0.4316706399099374,0.15312606763872896,0.7724935034698083,0.31513826846179666,0.15492717372360904,0.24092673251197536
81,F,0.5528259082050191,0.4339875517880636,0.1542507192456608,0.7865592480490013,0.320846219144268,0.15784149448305515,0.24524183807514538
82,M,0.5148625744504797,0.4096928942663533,0.1391384243732953,0.626209847627373,0.25490671274742877,0.12545917995547654,0.19657128444842037
83,F,0.5574699458343684,0.4369215479880866,0.15595638184388538,0.8054616271804139,0.328590579739435,0.16168662459787483,0.2509965008611803
84,F,0.5468013678785095,0.4303281148858078,0.1525908641820695,0.7647943559885246,0.31204440312741477,0.15330245982966284,0.2385464764916643
85,F,0.5579802369935205,0.43724634360608544,0.15615286456064287,0.8075838262130505,0.32946194152213143,0.16211649355304147,0.2516414507088
86,M,0.5170065734810473,0.41101374801441576,0.13979899153513994,0.6343038194332877,0.25819636898001264,0.1271312748127829,0.1990513121538152
87,F,0.5544081988794551,0.4349727742800937,0.15477748554334061,0.7927284329845952,0.3233624090432563,0.159107410866875,0.24712680177546242
88,M,0.5132288665790642,0.40869683613628965,0.1386743399282081,0.6202380748540947,0.2524884182975413,0.12421695405333678,0.19473620659064517
89,F,0.5496099096591676,0.43200627116596985,0.1532598685028938,0.7744182903401292,0.31591173479539214,0.1553333521970956,0.24152179651705313
90,M,0.516496282321895,0.41068895239641695,0.1396025088183825,0.6321816204006512,0.25732500719731616,0.12670140585761627,0.19840636230619554
91,M,0.5154242828066112,0.4100285255223857,0.13927222523746016,0.6281346344976938,0.25568017908102425,0.12586535842896307,0.19716634845349812
92,F,0.5574185286373889,0.436910712350053,0.156019063696478,0.8056590393427295,0.32868847518853594,0.1617103150795549,0.2510463867037222
93,M,0.5067968694873614,0.4047342748921022,0.1366926384426741,0.5959561594363504,0.24261944959978976,0.11920066948141766,0.18729612347446067
94,M,0.5175168646401995,0.4113385436324146,0.13999547425189743,0.6364260184659242,0.25906773076270906,0.12756114376794955,0.19969626200143484
95,F,0.546239659522378,0.4299924836297754,0.15245706331790462,0.7628695691182037,0.3112709367938193,0.1528962813561763,0.23795141248658652
96,F,0.5456779511662463,0.42965685237374296,0.15232326245373976,0.7609447822478828,0.3104974704602238,0.15249010288268977,0.23735634848150874
97,F,0.5538979077203029,0.4346479786620948,0.15458100282658313,0.7906062339519587,0.3224910472605599,0.15867754191170835,0.24648185192784278
98,F,0.551243617530583,0.43300232929603355,0.15372395294798102,0.7803900631134075,0.3183300292452796,0.15657557809923534,0.2433568743748283
99,F,0.5523156170458668,0.4336627561700648,0.15405423652890335,0.7844370490163648,0.3199748573615715,0.1574116255278885,0.24459688822752573
100,F,0.5570110718721956,0.4366075880081214,0.15569721727453534,0.803142015985462,0.3276213225076376,0.1612330651610281,0.2503016651710188
101,F,0.5575213630313477,0.4369323836261202,0.1558936999912928,0.8052642150180984,0.32849268429033407,0.16166293411619473,0.25094661501863846
102,F,0.5565007807130433,0.4362827923901226,0.15550073455777785,0.8010198169528255,0.3267499607249411,0.16080319620586145,0.24965671532339914
103,F,0.5584905281526727,0.43757113922408425,0.15634934727740032,0.8097060252456869,0.3303333033048279,0.16254636250820811,0.25228640055641965
104,M,0.5137905749351959,0.4090324673923221,0.13880814079237297,0.6221628617244155,0.2532618846311368,0.12462313252682333,0.19533127059572294
105,F,0.5580316541904999,0.437257179244119,0.15609018270805025,0.8073864140507349,0.3293640460730305,0.16209280307136137,0.2515915648662581
106,F,0.5559904895538911,0.4359579967721237,0.1553042518410204,0.798897617920189,0.3258785989422447,0.1603733272506948,0.2490117654757795
107,M,0.5159859911627429,0.41036415677841814,0.13940602610162503,0.6300594213680147,0.25645364541461974,0.1262715369024496,0.1977614124585759
108,M,0.5175682818371788,0.4113493792704482,0.1399327923993048,0.6362286063036086,0.2589698353136081,0.12753745328626945,0.19964637615889297
109,F,0.5501716180152992,0.43234190242200227,0.15339366936705867,0.7763430772104501,0.3166852011289876,0.15573953067058213,0.24211686052213088
110,F,0.5585419453496522,0.43758197486211786,0.15628666542480774,0.8095086130833714,0.3302354078557269,0.162522672026528,0.25223651471387776
111,M,0.5170579906780267,0.41102458365244937,0.13973630968254735,0.6341064072709721,0.25809847353091164,0.1271075843311028,0.19900142631127332
112,F,0.5554801983947389,0.4356332011541249,0.15510776912426294,0.7967754188875525,0.32500723715954827,0.15994345829552817,0.24836681562815985
113,M,0.5143522832913274,0.40936809864835444,0.13894194165653784,0.6240876485947364,0.2540353509647323,0.1250293110003099,0.19592633460080072
114,I,0.4846729323783857,0.3922506310676922,0.13419503587866516,0.5339680821104732,0.21839679320708796,0.10545479225806545,0.16771959546571075
115,F,0.5632888173729602,0.440537642338208,0.1578669643178471,0.8280161678901529,0.33778397755269207,0.1663204211779875,0.25789140581482894
116,M,0.5180785729963311,0.41167417488844704,0.1401292751160623,0.6383508053362451,0.25984119709630454,0.1279673222414361,0.20029132600651262
117,F,0.5533876165611507,0.434323183044096,0.15438452010982567,0.7884840349193223,0.32161968547786346,0.15824767295654169,0.24583690208022313
118,F,0.5563465291221051,0.4362502854760218,0.15568878011555567,0.8016120534397722,0.32704364707224404,0.16087426765090174,0.2498063728510248
119,F,0.5590522365088044,0.43790677048011667,0.1564831481415652,0.8116308121160078,0.3311067696384234,0.16295254098169465,0.2528814645614974
120,I,0.4857449318936695,0.3929110579417235,0.13452531945958748,0.5380150680134306,0.2200416213233799,0.10629083968671864,0.16895960931840817
121,F,0.5638505257290919,0.44087327359424044,0.15800076518201198,0.8299409547604738,0.33855744388628756,0.16672659965147404,0.2584864698199067
122,M,0.514913991647459,0.40970372990438686,0.13907574252070268,0.6260124354650574,0.25480881729832777,0.12543548947379643,0.19652139860587847
123,F,0.5479762017877522,0.4310102130359062,0.1527957840578066,0.7684465175668509,0.31349344034550475,0.15409112629495586,0.23968671865927793
124,F,0.5549699072355867,0.4353084055361261,0.15491128640750548,0.7946532198549161,0.3241358753768518,0.15951358934036153,0.2477218657805402
125,F,0.5649225252443757,0.44153370046827173,0.1583310487629343,0.8339879406634312,0.34020227200257946,0.16756264708012725,0.25972648367260415
126,F,0.5474144934316205,0.4306745817798738,0.15266198319364174,0.76652173069653,0.31271997401190926,0.1536849478214693,0.23909165465420018
127,M,0.5165476995188745,0.41069978803445056,0.1395398269657899,0.6319842082383357,0.2572271117482152,0.12667771537593617,0.19835647646365365
128,F,0.5485379101438838,0.4313458442919386,0.15292958492197148,0.7703713044371718,0.31426690667910023,0.1544973047684424,0.2402817826643557
129,F,0.5518053258867146,0.43333796055206597,0.15385775381214586,0.7823148499837284,0.3191034955788751,0.15698175657272187,0.24395193837990609
130,M,0.5154757000035907,0.4100393611604193,0.13920954338486755,0.6279372223353783,0.25558228363192326,0.12584166794728296,0.19711646261095625
131,F,0.5580830713874794,0.4372680148821526,0.15602750085545766,0.8071890018884194,0.3292661506239295,0.1620691125896813,0.2515416790237162
132,F,0.546852785075489,0.43033895052384136,0.15252818232947687,0.764596943826209,0.3119465076783138,0.15327876934798276,0.2384965906491224
133,F,0.5575727802283271,0.4369432192641538,0.1558310181387002,0.8050668028557828,0.3283947888412331,0.16163924363451465,0.25089672917609657
134,F,0.5585933625466316,0.4375928105001514,0.15622398357221512,0.8093112009210558,0.330137512406626,0.16249898154484793,0.25218662887133586
135,F,0.5627785262138081,0.4402128467202092,0.15767048160108965,0.8258939688575164,0.3369126157699956,0.16589055222282084,0.2572464559672093
136,F,0.5595625276679566,0.4382315660981155,0.15667963085832265,0.8137530111486443,0.3319781314211198,0.1633824099368613,0.25352641440911705
137,M,0.5181299901933105,0.4116850105264806,0.14006659326346968,0.6381533931739295,0.2597433016472036,0.12794363175975598,0.20024144016397072
138,F,0.5507333263714308,0.4326775336780347,0.15352747023122354,0.778267864080771,0.3174586674625831,0.15614570914406867,0.24271192452720866
139,F,0.5570624890691749,0.436618423646155,0.15563453542194272,0.8029446038231464,0.32752342705853665,0.16120937467934798,0.2502517793284769
140,M,0.5185888641554833,0.41199897050644585,0.14032575783281975,0.6404730043688815,0.260712558879001,0.12839719119660273,0.20093627585413226
141,F,0.5544596160764345,0.43498360991812723,0.154714803690748,0.7925310208222797,0.32326451359415537,0.1590837203851949,0.24707691593292055
142,I,0.4868169314089534,0.3935714848157547,0.13485560304050984,0.542062053916388,0.22168644943967183,0.10712688711537183,0.1701996231711056
143,M,0.5176196990341583,0.4113602149084818,0.13987011054671222,0.636031194141293,0.25887193986450713,0.12751376280458937,0.19959649031635107
144,F,0.5528773254019984,0.4339983874260972,0.15418803739306822,0.7863618358866857,0.320748323695167,0.15781780400137504,0.24519195223260348
145,F,0.5591036537057837,0.4379176061181503,0.1564204662889726,0.8114333999536922,0.3310088741893224,0.16292885050001457,0.2528315787189555
146,F,0.5490996185000154,0.43168147554797104,0.15306338578613635,0.7722960913074928,0.3150403730126957,0.15490348324192896,0.24087684666943346
147,M,0.5186402813524628,0.41200980614447946,0.14026307598022714,0.6402755922065659,0.26061466342990003,0.12837350071492265,0.20088639001159037
148,F,0.5565521979100228,0.43629362802815613,0.15543805270518526,0.8008224047905099,0.3266520652758402,0.16077950572418137,0.24960682948085727
149,M,0.5121568670637804,0.40803640926225837,0.13834405634728578,0.6161910889511373,0.2508435901812494,0.12338090662468361,0.19349619273794777
150,M,0.522315153860487,0.4143050467465384,0.1415130912923442,0.6547361611103901,0.2665184050105732,0.13133520243772895,0.20530126725984416
151,F,0.559613944864936,0.4382424017361491,0.15661694900573006,0.8135555989863288,0.3318802359720189,0.1633587194551812,0.25347652856657515
152,M,0.5160374083597222,0.4103749924164517,0.1393433442490324,0.6298620092056992,0.25635574996551874,0.12624784642076953,0.197711526616034
153,F,0.5462910767193574,0.43000331926780894,0.15239438146531203,0.7626721569558882,0.3111730413447183,0.15287259087449623,0.23790152664404463
154,M,0.517109407875006,0.411035419290483,0.13967362782995474,0.6339089951086565,0.2580005780818107,0.1270838938494227,0.19895154046873142
155,M,0.5073585778434929,0.4050699061481346,0.13682643930683897,0.5978809463066713,0.24339291593338525,0.11960684795490421,0.18789118747953845
156,F,0.5560419067508705,0.4359688324101573,0.1552415699884278,0.7987002057578735,0.32578070349314375,0.1603496367690147,0.24896187963323763
157,M,0.5127185754199121,0.4083720405182908,0.13847785721145062,0.6181158758214582,0.2516170565148449,0.12378708509817016,0.19409125674302552
158,M,0.5138419921321752,0.40904330303035563,0.13874545893978035,0.6219654495621,0.25316398918203586,0.12459944204514325,0.19528138475318108
159,F,0.5601242360240882,0.4385671973541479,0.15681343172248752,0.8156777980189652,0.3327515977547153,0.16378858841034785,0.2541214784141948
160,M,0.5132802837760436,0.4087076717743232,0.13861165807561548,0.620040662691779,0.2523905228484404,0.1241932635716567,0.1946863207481033
161,M,0.5144037004883069,0.40937893428638805,0.13887925980394522,0.6238902364324209,0.25393745551563135,0.1250056205186298,0.19587644875825883
162,F,0.5539493249172822,0.4346588143001284,0.15451832097399054,0.7904088217896431,0.3223931518114589,0.15865385143002825,0.2464319660853009
163,F,0.5617065266985242,0.439552419846178,0.15734019802016733,0.821846982954559,0.3352677876537037,0.16505450479416767,0.2560064421145119
164,M,0.5191505725116149,0.41233460176247827,0.14045955869698462,0.6423977912392025,0.26148602521259645,0.1288033696700893,0.20153133985921004
165,F,0.549661326856147,0.43201710680400346,0.15319718665030121,0.7742208781778136,0.3158138393462912,0.1553096617154155,0.24147191067451124
166,F,0.5659945247596595,0.44219412734230296,0.15866133234385665,0.8380349265663886,0.34184710011887137,0.16839869450878042,0.26096649752530154
167,F,0.5606345271832404,0.43889199297214676,0.157009914439245,0.8177999970516017,0.3336229595374117,0.1642184573655145,0.25476642826181445
168,I,0.4836009328631019,0.391590204193661,0.13386475229774283,0.5299210962075158,0.21675196509079603,0.10461874482941226,0.16647958161301335
169,M,0.5149654088444384,0.4097145655424205,0.1390130606681101,0.6258150233027419,0.25471092184922683,0.12541179899211635,0.1964715127633366
170,F,0.5586447797436109,0.43760364613818503,0.15616130171962253,0.8091137887587402,0.330039616957525,0.16247529106316783,0.25213674302879396
171,F,0.5555316155917183,0.4356440367921585,0.15504508727167032,0.796578006725237,0.3249093417104473,0.1599197678138481,0.24831692978561798
172,F,0.5591550709027632,0.43792844175618384,0.15635778443638,0.8112359877913767,0.33091097874022146,0.16290516001833447,0.2527816928764136
173,F,0.5457293683632257,0.4296676880117765,0.15226058060114717,0.7607473700855673,0.3103995750111228,0.15246641240100967,0.23730646263896688
174,I,0.4878889309242372,0.39423191168978594,0.13518588662143216,0.5461090398193453,0.22333127755596374,0.107962934544025,0.171439637023803
175,M,0.5165991167158539,0.4107106236724841,0.13947714511319728,0.6317867960760201,0.2571292162991142,0.12665402489425606,0.19830659062111178
176,F,0.5581344885844588,0.4372788505201862,0.15596481900286507,0.8069915897261037,0.32916825517482856,0.16204542210800119,0.2514917931811743
177,F,0.5512950347275625,0.4330131649340671,0.1536612710953884,0.7801926509510919,0.3182321337961786,0.15655188761755523,0.24330698853228644
178,F,0.5523670342428463,0.43367359180809834,0.15399155467631073,0.7842396368540493,0.31987696191247056,0.1573879350462084,0.24454700238498384
179,M,0.51818140739029,0.4116958461645142,0.1400039114108771,0.6379559810116139,0.2596454061981026,0.1279199412780759,0.20019155432142885
180,M,0.5062865783282091,0.40440947927410337,0.13649615572591664,0.593833960403714,0.2417480878170933,0.11877080052625102,0.18665117362684103
181,M,0.5186916985494421,0.412020641782513,0.14020039412763455,0.6400781800442504,0.26051676798079904,0.12834981023324255,0.2008365041690485
182,F,0.5596653620619154,0.4382532373741827,0.15655426715313747,0.8133581868240132,0.3317823405229179,0.1633350289735011,0.25342664272403326
183,F,0.5440442432948309,0.4286607942436793,0.15185917800865256,0.7549730094746046,0.30807917601033635,0.15124787698055003,0.23552127062373357
184,F,0.5576241974253066,0.43695405490218736,0.1557683362861076,0.8048693906934673,0.3282968933921321,0.16161555315283455,0.25084684333355467
185,F,0.5601756532210675,0.4385780329921815,0.15675074986989493,0.8154803858566496,0.3326537023056143,0.16376489792866775,0.2540715925716529
186,M,0.5155271172005701,0.4100501967984529,0.13914686153227496,0.6277398101730627,0.2554843881828223,0.1258179774656029,0.19706657676841435
187,F,0.5552745296068213,0.4355898586019905,0.15535849653463335,0.7975650675368148,0.32539881895595213,0.16003822022224853,0.24856635899832738
188,M,0.5176711162311377,0.4113710505465154,0.1398074286941196,0.6358337819789774,0.2587740444154062,0.12749007232290926,0.19954660447380917
189,M,0.5192019897085943,0.4123454374005119,0.140396876844392,0.6422003790768869,0.2613881297634955,0.12877967918840919,0.20148145401666814
190,M,0.5100128680332128,0.4067155555141959,0.1376834891854411,0.6080971171452225,0.24755393394866557,0.12170881176737723,0.19101616503255292
191,F,0.5534390337581301,0.4343340186821296,0.15432183825723308,0.7882866227570067,0.32152179002876247,0.1582239824748616,0.24578701623768126
192,F,0.5446059516509625,0.42899642549971173,0.15199297887281743,0.7568977963449255,0.30885264234393184,0.15165405545403657,0.23611633462881135
193,M,0.5196608636707671,0.4126593973804771,0.14065604141374208,0.6445199902718389,0.26235738699529293,0.12923323862525593,0.2021762897068297
194,F,0.5451676600070942,0.4293320567557441,0.1521267797369823,0.7588225832152463,0.3096261086775273,0.15206023392752313,0.2367113986338891
195,F,0.5550213244325661,0.43531924117415965,0.15484860455491287,0.7944558076926005,0.32403797992775085,0.15948989885868142,0.24767197993799833
196,F,0.5606859443802198,0.4389028286101803,0.15694723258665239,0.817602584889286,0.3335250640883108,0.1641947668838344,0.25471654241927255
197,F,0.5502230352122786,0.4323527380600359,0.15333098751446608,0.7761456650481345,0.3165873056798867,0.15571584018890205,0.24206697467958901
198,F,0.561196235539372,0.4392276242281792,0.15714371530340987,0.8197247839219226,0.3343964258710072,0.16462463583900103,0.2553614922668922
199,F,0.5571139062661543,0.43662925928418855,0.15557185356935013,0.8027471916608309,0.32742553160943566,0.1611856841976679,0.250201893485935
200,F,0.5474659106286,0.4306854174179074,0.15259930134104915,0.7663243185342145,0.3126220785628083,0.15366125733978922,0.23904176881165828
201,F,0.5480276189847316,0.4310210486739398,0.15273310220521402,0.7682491054045354,0.3133955448964038,0.15406743581327575,0.23963683281673606
202,F,0.5469042022724684,0.43034978616187497,0.15246550047688429,0.7643995316638935,0.31184861222921284,0.15325507886630266,0.23844670480658053
203,M,0.5057248699720774,0.40407384801807095,0.13636235486175177,0.591909173533393,0.24097462148349783,0.11836462205276448,0.18605610962176328
204,M,0.5233871533757708,0.4149654736205696,0.14184337487326654,0.6587831470133475,0.26816323312686513,0.13217124986638212,0.20654128111254158
205,M,0.5197122808677466,0.4126702330185107,0.1405933595611495,0.6443225781095233,0.26225949154619194,0.12920954814357583,0.2021264038642878
206,M,0.5171608250719855,0.41104625492851654,0.13961094597736215,0.633711582946341,0.2579026826327097,0.12706020336774262,0.19890165462618953
207,F,0.5566036151070021,0.43630446366618975,0.15537537085259268,0.8006249926281943,0.32655416982673924,0.16075581524250127,0.24955694363831538
208,M,0.5160888255567017,0.4103858280544853,0.13928066239643982,0.6296645970433836,0.2562578545164178,0.12622415593908942,0.19766164077349213
209,F,0.5622682350546558,0.4398880511022104,0.1574739988843322,0.82377176982488,0.33604125398729917,0.16546068326765423,0.25660150611958965
210,F,0.5485893273408632,0.43135667992997223,0.1528669030693789,0.7701738922748562,0.3141690112299993,0.15447361428676232,0.2402318968218138
211,M,0.5138934093291546,0.40905413866838924,0.13868277708718776,0.6217680373997845,0.2530660937329349,0.12457575156346315,0.19523149891063918
212,F,0.5597167792588947,0.43826407301221626,0.15649158530054486,0.8131607746616976,0.33168444507381695,0.163311338491821,0.2533767568814914
213,M,0.5110848675484966,0.40737598238822714,0.13801377276636342,0.6121441030481799,0.2491987620649575,0.12254485919603042,0.19225617888525035
214,F,0.5633402345699396,0.44054847797624164,0.15780428246525452,0.8278187557278374,0.3376860821035911,0.1662967306963074,0.25784151997228705
215,M,0.513331700973023,0.4087185074123568,0.1385489762230229,0.6198432505294635,0.25229262739933944,0.12416957308997661,0.19463643490556143
216,F,0.5463424939163367,0.43001415490584255,0.15233169961271942,0.7624747447935726,0.31107514589561736,0.15284890039281612,0.23785164080150276
217,F,0.5592064880997426,0.43793927739421745,0.1562951025837874,0.8110385756290611,0.33081308329112047,0.16288146953665436,0.25273180703387177
218,F,0.560227070418047,0.4385888686302151,0.1566880680173023,0.8152829736943341,0.33255580685651337,0.16374120744698767,0.25402170672911106
219,F,0.5545110332734139,0.43499444555616085,0.1546521218381554,0.792333608659964,0.32316661814505443,0.15906002990351478,0.24702703009037869
220,I,0.488960930439521,0.39489233856381717,0.13551617020235449,0.5501560257223028,0.22497610567225568,0.1087989819726782,0.17267965087650042
221,M,0.5144551176852863,0.40938976992442166,0.13881657795135263,0.6236928242701053,0.2538395600665304,0.1249819300369497,0.19582656291571696
222,F,0.551856743083694,0.43334879619009953,0.15379507195955328,0.7821174378214129,0.3190056001297741,0.15695806609104176,0.2439020525373642
223,F,0.5607373615771992,0.43891366424821393,0.1568845507340598,0.8174051727269706,0.33342716863920985,0.16417107640215428,0.2546666565767307
224,F,0.5586961969405904,0.43761448177621864,0.15609861986702994,0.8089163765964247,0.32994172150842405,0.16245160058148772,0.2520868571862521
225,M,0.5187431157464215,0.41203147742054663,0.14013771227504196,0.6398807678819348,0.2604188725316981,0.12832611975156244,0.2007866183265066
226,M,0.5084305773587767,0.4057303330221658,0.13715672288776132,0.6019279322096287,0.24503774404967718,0.1204428953835574,0.18913120133223588
227,M,0.5127699926168914,0.4083828761563244,0.13841517535885803,0.6179184636591426,0.25151916106574396,0.12376339461649005,0.19404137090048365
228,F,0.5644122340852235,0.44120890485027286,0.15813456604617684,0.8318657416307947,0.33933091021988304,0.1671327781249606,0.2590815338249845
229,M,0.5192534069055738,0.41235627303854544,0.14033419499179942,0.6420029669145714,0.2612902343143946,0.12875598870672908,0.20143156817412627
230,M,0.5202225720268987,0.4129950286365095,0.14078984227790695,0.6464447771421598,0.2631308533288884,0.12963941709874247,0.20277135371190744
231,F,0.5612476527363515,0.43923845986621274,0.15708103345081725,0.819527371759607,0.33429853042190627,0.16460094535732095,0.25531160642435036
232,F,0.5560933239478499,0.43597966804819094,0.1551788881358352,0.7985027935955579,0.32568280804404276,0.16032594628733463,0.24891199379069573
233,F,0.5617579438955036,0.4395632554842116,0.1572775161675747,0.8216495707922434,0.3351698922046027,0.16503081431248756,0.25595655627197
234,I,0.48630664024980114,0.39324668919775585,0.13465912032375235,0.5399398548837515,0.22081508765697538,0.10669701816020519,0.16955467332348592
235,F,0.5529287425989778,0.43400922306413076,0.1541253555404756,0.7861644237243702,0.32065042824606604,0.15779411351969497,0.2451420663900616
236,I,0.4894712215986732,0.39521713418181603,0.13571265291911194,0.5522782247549392,0.22584746745495213,0.10922885092784484,0.17332460072412006
237,M,0.5182328245872693,0.4117066818025478,0.13994122955828447,0.6377585688492984,0.2595475107490017,0.1278962507963958,0.20014166847888695
238,F,0.5507847435684102,0.4326883693160683,0.15346478837863095,0.7780704519184555,0.3173607720134822,0.1561220186623886,0.24266203868466676
239,F,0.5491510356969947,0.43169231118600465,0.15300070393354376,0.7720986791451772,0.3149424775635947,0.15487979276024885,0.2408269608268916
240,I,0.4883992220833894,0.39455670730778475,0.13538236933818962,0.5482312388519818,0.2242026393386602,0.10839280349919164,0.17208458687142264
241,I,0.48523464073451733,0.3925862623237246,0.13432883674283003,0.5358928689807941,0.21917025954068348,0.105860970731552,0.16831465947078852
242,F,0.5581859057814381,0.4372896861582198,0.15590213715027246,0.8067941775637882,0.32907035972572757,0.16202173162632108,0.2514419073386325
243,M,0.5150168260414179,0.4097254011804541,0.1389503788155175,0.6256176111404262,0.2546130264001259,0.12538810851043625,0.1964216269207947
244,M,0.5122082842607598,0.408047244900292,0.13828137449469316,0.6159936767888217,0.25074569473214847,0.12335721614300352,0.19344630689540587
245,M,0.5207328631860509,0.4133198242545083,0.1409863249946644,0.6485669761747963,0.26400221511158484,0.1300692860539091,0.20341630355952708
246,M,0.5116465759046281,0.40771161364425956,0.1381475736305283,0.6140688899185008,0.249972228398553,0.12295103766951697,0.19285124289032812
247,M,0.5197636980647259,0.41268106865654425,0.14053067770855687,0.6441251659472078,0.262161596097091,0.12918585766189572,0.20207651802174592
248,F,0.5457807855602052,0.42967852364981013,0.15219789874855455,0.7605499579232518,0.31030167956202187,0.15244272191932956,0.23725657679642498
249,M,0.5166505339128332,0.41072145931051773,0.1394144632606047,0.6315893839137046,0.2570313208500133,0.12663033441257598,0.19825670477856988
250,I,0.48737863976508494,0.39390711607178713,0.13498940390467468,0.5439868407867089,0.2224599157732673,0.10753306558885836,0.17079468717618335
251,M,0.5062351611312297,0.40439864363606975,0.13655883757850923,0.5940313725660294,0.24184598326619428,0.11879449100793112,0.18670105946938292
252,F,0.557675614622286,0.436964890540221,0.155705654433515,0.8046719785311518,0.32819899794303115,0.16159186267115444,0.25079695749101283
253,M,0.517722533428117,0.41138188618454896,0.13974474684152702,0.6356363698166619,0.2586761489663052,0.12746638184122916,0.1994967186312673
254,F,0.5540007421142616,0.43466964993816204,0.15445563912139793,0.7902114096273276,0.32229525636235795,0.15863016094834814,0.246382080242759
255,F,0.5555830327886977,0.4356548724301921,0.15498240541907773,0.7963805945629214,0.32481144626134634,0.15989607733216799,0.24826704394307608
256,F,0.5628299434107874,0.44022368235824283,0.15760779974849706,0.8256965566952008,0.33681472032089466,0.16586686174114076,0.2571965701246674
257,I,0.48732722256810557,0.3938962804337535,0.1350520857572673,0.5441842529490244,0.22255781122236828,0.10755675607053847,0.17084457301872524
258,M,0.5155785343975494,0.4100610324364865,0.13908417967968237,0.6275423980107472,0.2553864927337214,0.1257942869839228,0.19701669092587248
259,M,0.5073071606465135,0.405059070510101,0.13688912115943158,0.5980783584689868,0.2434908113824862,0.1196305384365843,0.18794107332208032
260,M,0.5202739892238781,0.4130058642745431,0.14072716042531436,0.6462473649798443,0.2630329578797874,0.1296157266170624,0.20272146786936557
261,I,0.49054322111395704,0.39587756105584726,0.1360429365000343,0.5563252106578966,0.22749229557124406,0.11006489835649802,0.1745646145768175
262,F,0.5654842336005073,0.44186933172430415,0.15846484962709917,0.8359127275337521,0.34097573833617495,0.16796882555361378,0.2603215476776819
263,I,0.4841626412192335,0.3919258354496934,0.1339985531619077,0.5318458830778368,0.2175254314243915,0.10502492330289881,0.1670746456180911
264,F,0.5497127440531264,0.43202794244203707,0.15313450479770863,0.7740234660154981,0.31571594389719027,0.1552859712337354,0.24142202483196934
265,F,0.5607887787741785,0.43892449988624754,0.15682186888146718,0.817207760564655,0.33332927319010885,0.1641473859204742,0.2546167707341888
266,F,0.5602784876150264,0.4385997042682487,0.15662538616470972,0.8150855615320185,0.33245791140741243,0.16371751696530756,0.25397182088656917
267,F,0.5612990699333308,0.43924929550424635,0.15701835159822466,0.8193299595972915,0.3342006349728053,0.16457725487564084,0.25526172058180846
268,F,0.5623196522516353,0.439898886740244,0.15741131703173958,0.8235743576625644,0.3359433585381982,0.16543699278597412,0.25655162027704775
269,F,0.5597681964558742,0.4382749086502499,0.15642890344795227,0.8129633624993821,0.33158654962471595,0.16328764801014092,0.2533268710389495
270,M,0.5052145788129253,0.40374905240007214,0.13616587214499432,0.5897869745007566,0.2401032597008014,0.11793475309759784,0.18541115977414363
271,F,0.561809361092483,0.43957409112224516,0.15721483431498212,0.8214521586299279,0.33507199675550176,0.16500712383080748,0.2559066704294281
272,F,0.5452190772040735,0.4293428923937777,0.15206409788438968,0.7586251710529308,0.3095282132284264,0.15203654344584303,0.23666151279134723
273,F,0.5571653234631337,0.43664009492222217,0.15550917171675754,0.8025497794985152,0.3273276361603347,0.1611619937159878,0.2501520076433931
274,I,0.4884506392803688,0.39456754294581836,0.13531968748559703,0.5480338266896663,0.22410474388955925,0.10836911301751156,0.17203470102888077
275,M,0.5068482866843407,0.4047451105301358,0.1366299565900815,0.5957587472740348,0.2425215541506888,0.11917697899973756,0.1872462376319188
276,F,0.5639019429260712,0.44088410923227406,0.1579380833294194,0.8297435425981583,0.33845954843718656,0.16670290916979397,0.25843658397736485
277,M,0.5212431543452032,0.41364461987250717,0.1411828077114219,0.6506891752074327,0.26487357689428126,0.13049915500907575,0.20406125340714673
278,F,0.5592579052967219,0.43795011303225106,0.15623242073119478,0.8108411634667456,0.33071518784201953,0.16285777905497428,0.2526819211913299
279,M,0.5218048627013347,0.4139802511285396,0.14131660857558673,0.6526139620777537,0.2656470432278768,0.13090533348256228,0.2046563174122245
280,F,0.5524184514398256,0.43368442744613195,0.15392887282371814,0.7840422246917338,0.31977906646336957,0.15736424456452833,0.24449711654244197
281,M,0.5193048241025531,0.41236710867657905,0.14027151313920683,0.6418055547522558,0.2611923388652936,0.128732298225049,0.20138168233158438
